Pokeball,Catch Success
pokeball,False
pokeball,False
pokeball,False
pokeball,False
pokeball,False
pokeball,False
pokeball,False
pokeball,False
pokeball,False
pokeball,False
pokeball,False
pokeball,False
pokeball,False
pokeball,False
pokeball,False
pokeball,False
pokeball,False
pokeball,False
pokeball,False
pokeball,False
pokeball,False
pokeball,False
pokeball,False
pokeball,False
pokeball,False
pokeball,False
pokeball,False
pokeball,False
pokeball,False
pokeball,False
pokeball,False
pokeball,False
pokeball,False
pokeball,False
pokeball,False
pokeball,False
pokeball,False
pokeball,False
pokeball,False
pokeball,False
pokeball,False
pokeball,False
pokeball,False
pokeball,False
pokeball,False
pokeball,False
pokeball,False
pokeball,False
pokeball,False
pokeball,False
pokeball,False
pokeball,False
pokeball,False
pokeball,False
pokeball,False
pokeball,False
pokeball,False
pokeball,False
pokeball,False
pokeball,False
pokeball,False
pokeball,False
pokeball,False
pokeball,False
pokeball,False
pokeball,False
pokeball,False
pokeball,False
pokeball,False
pokeball,False
pokeball,False
pokeball,False
pokeball,False
pokeball,False
pokeball,False
pokeball,False
pokeball,False
pokeball,False
pokeball,False
pokeball,False
pokeball,False
pokeball,False
pokeball,False
pokeball,False
pokeball,False
pokeball,False
pokeball,False
pokeball,False
pokeball,False
pokeball,False
pokeball,False
pokeball,False
pokeball,False
pokeball,False
pokeball,False
pokeball,False
pokeball,False
pokeball,False
pokeball,False
pokeball,False
pokeball,False
pokeball,False
pokeball,False
pokeball,False
pokeball,False
pokeball,False
pokeball,False
pokeball,False
pokeball,False
pokeball,False
pokeball,False
pokeball,False
pokeball,False
pokeball,False
pokeball,False
pokeball,False
pokeball,False
pokeball,False
pokeball,False
pokeball,False
pokeball,False
pokeball,False
pokeball,False
pokeball,False
pokeball,False
pokeball,False
pokeball,False
pokeball,False
pokeball,True
pokeball,False
pokeball,False
pokeball,False
pokeball,False
pokeball,False
pokeball,False
pokeball,False
pokeball,False
pokeball,False
pokeball,False
pokeball,False
pokeball,False
pokeball,False
pokeball,False
pokeball,False
pokeball,False
pokeball,False
pokeball,False
pokeball,False
pokeball,False
pokeball,False
pokeball,False
pokeball,False
pokeball,False
pokeball,False
pokeball,False
pokeball,False
pokeball,False
pokeball,False
pokeball,False
pokeball,False
pokeball,False
pokeball,False
pokeball,False
pokeball,False
pokeball,False
pokeball,False
pokeball,False
pokeball,False
pokeball,False
pokeball,False
pokeball,False
pokeball,False
pokeball,False
pokeball,False
pokeball,False
pokeball,False
pokeball,False
pokeball,False
pokeball,False
pokeball,False
pokeball,False
pokeball,False
pokeball,False
pokeball,False
pokeball,False
pokeball,False
pokeball,False
pokeball,False
pokeball,False
pokeball,False
pokeball,False
pokeball,False
pokeball,False
pokeball,False
pokeball,False
pokeball,False
pokeball,False
pokeball,False
pokeball,False
pokeball,False
pokeball,False
pokeball,False
pokeball,False
pokeball,False
pokeball,False
pokeball,False
pokeball,False
pokeball,False
pokeball,False
pokeball,False
pokeball,False
pokeball,False
pokeball,False
pokeball,False
pokeball,False
pokeball,False
pokeball,False
pokeball,False
pokeball,False
pokeball,False
pokeball,False
pokeball,False
pokeball,False
pokeball,False
pokeball,False
pokeball,False
pokeball,False
pokeball,False
pokeball,False
pokeball,False
pokeball,False
pokeball,False
pokeball,False
pokeball,False
pokeball,False
pokeball,False
pokeball,False
pokeball,False
pokeball,False
pokeball,False
pokeball,False
pokeball,False
pokeball,False
pokeball,False
pokeball,False
pokeball,False
pokeball,False
pokeball,False
pokeball,False
pokeball,False
pokeball,False
pokeball,False
pokeball,False
pokeball,False
pokeball,False
pokeball,False
pokeball,False
pokeball,False
pokeball,False
pokeball,False
pokeball,False
pokeball,False
pokeball,False
pokeball,False
pokeball,True
pokeball,False
pokeball,False
pokeball,False
pokeball,False
pokeball,False
pokeball,False
pokeball,False
pokeball,False
pokeball,False
pokeball,False
pokeball,False
pokeball,False
pokeball,False
pokeball,False
pokeball,False
pokeball,False
pokeball,False
pokeball,False
pokeball,False
pokeball,False
pokeball,False
pokeball,False
pokeball,False
pokeball,False
pokeball,False
pokeball,False
pokeball,False
pokeball,False
pokeball,False
pokeball,False
pokeball,False
pokeball,False
pokeball,False
pokeball,False
pokeball,False
pokeball,False
pokeball,False
pokeball,False
pokeball,False
pokeball,False
pokeball,False
pokeball,False
pokeball,False
pokeball,False
pokeball,False
pokeball,False
pokeball,False
pokeball,False
pokeball,False
pokeball,False
pokeball,False
pokeball,False
pokeball,False
pokeball,False
pokeball,False
pokeball,False
pokeball,False
pokeball,False
pokeball,False
pokeball,False
pokeball,False
pokeball,False
pokeball,False
pokeball,False
pokeball,False
pokeball,False
pokeball,False
pokeball,False
pokeball,False
pokeball,False
pokeball,False
pokeball,False
pokeball,False
pokeball,False
pokeball,False
pokeball,False
pokeball,False
pokeball,False
pokeball,False
pokeball,False
pokeball,False
pokeball,False
pokeball,False
pokeball,False
pokeball,False
pokeball,False
pokeball,False
pokeball,False
pokeball,False
pokeball,False
pokeball,False
pokeball,False
pokeball,False
pokeball,False
pokeball,False
pokeball,False
pokeball,False
pokeball,False
pokeball,False
pokeball,False
pokeball,False
pokeball,False
pokeball,False
pokeball,False
pokeball,False
pokeball,False
pokeball,False
pokeball,False
pokeball,False
pokeball,False
pokeball,False
pokeball,False
pokeball,False
pokeball,False
pokeball,False
pokeball,False
pokeball,False
pokeball,False
pokeball,False
pokeball,False
pokeball,False
pokeball,False
pokeball,False
pokeball,False
pokeball,False
pokeball,False
pokeball,False
pokeball,False
pokeball,False
pokeball,False
pokeball,False
pokeball,False
pokeball,False
pokeball,False
pokeball,False
pokeball,False
pokeball,False
pokeball,False
pokeball,False
pokeball,False
pokeball,False
pokeball,False
pokeball,False
pokeball,False
pokeball,False
pokeball,False
pokeball,False
pokeball,False
pokeball,False
pokeball,False
pokeball,False
pokeball,False
pokeball,False
pokeball,False
pokeball,False
pokeball,False
pokeball,False
pokeball,False
pokeball,False
pokeball,False
pokeball,False
pokeball,False
pokeball,False
pokeball,False
pokeball,False
pokeball,False
pokeball,False
pokeball,False
pokeball,False
pokeball,False
pokeball,False
pokeball,False
pokeball,False
pokeball,False
pokeball,False
pokeball,False
pokeball,False
pokeball,False
pokeball,False
pokeball,False
pokeball,False
pokeball,False
pokeball,False
pokeball,False
pokeball,False
pokeball,False
pokeball,False
pokeball,False
pokeball,False
pokeball,False
pokeball,False
pokeball,False
pokeball,False
pokeball,False
pokeball,False
pokeball,False
pokeball,False
pokeball,False
pokeball,False
pokeball,False
pokeball,False
pokeball,False
pokeball,False
pokeball,False
pokeball,False
pokeball,False
pokeball,False
pokeball,False
pokeball,False
pokeball,False
pokeball,False
pokeball,False
pokeball,False
pokeball,False
pokeball,False
pokeball,False
pokeball,False
pokeball,False
pokeball,False
pokeball,False
pokeball,False
pokeball,False
pokeball,False
pokeball,False
pokeball,False
pokeball,False
pokeball,False
pokeball,False
pokeball,False
pokeball,False
pokeball,False
pokeball,False
pokeball,False
pokeball,False
pokeball,False
pokeball,False
pokeball,False
pokeball,False
pokeball,False
pokeball,False
pokeball,False
pokeball,False
pokeball,False
pokeball,False
pokeball,False
pokeball,False
pokeball,False
pokeball,False
pokeball,False
pokeball,False
pokeball,False
pokeball,False
pokeball,False
pokeball,False
pokeball,False
pokeball,False
pokeball,False
pokeball,False
pokeball,False
pokeball,False
pokeball,False
pokeball,False
pokeball,False
pokeball,False
pokeball,False
pokeball,False
pokeball,False
pokeball,False
pokeball,False
pokeball,False
pokeball,False
pokeball,False
pokeball,False
pokeball,False
pokeball,False
pokeball,False
pokeball,False
pokeball,False
pokeball,False
pokeball,False
pokeball,False
pokeball,False
pokeball,False
pokeball,False
pokeball,False
pokeball,False
pokeball,False
pokeball,False
pokeball,False
pokeball,False
pokeball,False
pokeball,False
pokeball,False
pokeball,False
pokeball,False
pokeball,False
pokeball,False
pokeball,False
pokeball,False
pokeball,False
pokeball,False
pokeball,False
pokeball,False
pokeball,False
pokeball,False
pokeball,False
pokeball,False
pokeball,False
pokeball,False
pokeball,False
pokeball,False
pokeball,False
pokeball,False
pokeball,False
pokeball,False
pokeball,False
pokeball,False
pokeball,False
pokeball,False
pokeball,False
pokeball,False
pokeball,False
pokeball,False
pokeball,False
pokeball,False
pokeball,False
pokeball,False
pokeball,False
pokeball,False
pokeball,False
pokeball,False
pokeball,False
pokeball,False
pokeball,False
pokeball,False
pokeball,False
pokeball,False
pokeball,False
pokeball,False
pokeball,False
pokeball,False
pokeball,False
pokeball,False
pokeball,False
pokeball,False
pokeball,False
pokeball,False
pokeball,False
pokeball,False
pokeball,False
pokeball,False
pokeball,False
pokeball,False
pokeball,False
pokeball,False
pokeball,False
pokeball,False
pokeball,False
pokeball,False
pokeball,False
pokeball,False
pokeball,False
pokeball,False
pokeball,False
pokeball,False
pokeball,False
pokeball,False
pokeball,False
pokeball,False
pokeball,False
pokeball,False
pokeball,False
pokeball,False
pokeball,False
pokeball,False
pokeball,False
pokeball,False
pokeball,False
pokeball,False
pokeball,False
pokeball,False
pokeball,False
pokeball,False
pokeball,False
pokeball,False
pokeball,False
pokeball,False
pokeball,False
pokeball,False
pokeball,False
pokeball,False
pokeball,False
pokeball,False
pokeball,False
pokeball,False
pokeball,False
pokeball,False
pokeball,False
pokeball,False
pokeball,False
pokeball,False
pokeball,False
pokeball,False
pokeball,False
pokeball,False
pokeball,False
pokeball,False
pokeball,False
pokeball,False
pokeball,False
pokeball,False
pokeball,False
pokeball,False
pokeball,False
pokeball,False
pokeball,False
pokeball,False
pokeball,False
pokeball,False
pokeball,False
pokeball,False
pokeball,False
pokeball,False
pokeball,False
pokeball,False
pokeball,False
pokeball,False
pokeball,False
pokeball,False
pokeball,False
pokeball,False
pokeball,False
pokeball,False
pokeball,False
pokeball,False
pokeball,False
pokeball,False
pokeball,False
pokeball,False
pokeball,False
pokeball,False
pokeball,False
pokeball,False
pokeball,False
pokeball,False
pokeball,False
pokeball,False
pokeball,False
pokeball,False
pokeball,False
pokeball,False
pokeball,False
pokeball,False
pokeball,False
pokeball,False
pokeball,False
pokeball,False
pokeball,False
pokeball,False
pokeball,False
pokeball,False
pokeball,False
pokeball,False
pokeball,False
pokeball,False
pokeball,False
pokeball,False
pokeball,False
pokeball,False
pokeball,False
pokeball,False
pokeball,False
pokeball,False
pokeball,False
pokeball,False
pokeball,False
pokeball,False
pokeball,False
pokeball,False
pokeball,False
pokeball,False
pokeball,False
pokeball,False
pokeball,False
pokeball,False
pokeball,False
pokeball,False
pokeball,False
pokeball,False
pokeball,False
pokeball,False
pokeball,False
pokeball,False
pokeball,False
pokeball,False
pokeball,False
pokeball,False
pokeball,False
pokeball,False
pokeball,False
pokeball,False
pokeball,False
pokeball,False
pokeball,False
pokeball,False
pokeball,False
pokeball,False
pokeball,False
pokeball,False
pokeball,False
pokeball,False
pokeball,False
pokeball,False
pokeball,False
pokeball,False
pokeball,False
pokeball,False
pokeball,False
pokeball,False
pokeball,False
pokeball,False
pokeball,False
pokeball,False
pokeball,False
pokeball,False
pokeball,False
pokeball,False
pokeball,False
pokeball,False
pokeball,False
pokeball,False
pokeball,False
pokeball,False
pokeball,False
pokeball,False
pokeball,False
pokeball,False
pokeball,False
pokeball,False
pokeball,False
pokeball,False
pokeball,False
pokeball,False
pokeball,False
pokeball,False
pokeball,False
pokeball,False
pokeball,False
pokeball,False
pokeball,False
pokeball,False
pokeball,False
pokeball,False
pokeball,False
pokeball,False
pokeball,False
pokeball,False
pokeball,False
pokeball,False
pokeball,False
pokeball,False
pokeball,False
pokeball,False
pokeball,False
pokeball,False
pokeball,False
pokeball,False
pokeball,False
pokeball,False
pokeball,False
pokeball,False
pokeball,False
pokeball,False
pokeball,False
pokeball,False
pokeball,False
pokeball,False
pokeball,False
pokeball,False
pokeball,False
pokeball,False
pokeball,False
pokeball,False
pokeball,False
pokeball,False
pokeball,False
pokeball,False
pokeball,False
pokeball,False
pokeball,False
pokeball,False
pokeball,False
pokeball,False
pokeball,False
pokeball,False
pokeball,False
pokeball,False
pokeball,False
pokeball,False
pokeball,False
pokeball,False
pokeball,False
pokeball,False
pokeball,False
pokeball,False
pokeball,False
pokeball,False
pokeball,False
pokeball,False
pokeball,False
pokeball,False
pokeball,False
pokeball,False
pokeball,False
pokeball,False
pokeball,False
pokeball,False
pokeball,False
pokeball,False
pokeball,False
pokeball,False
pokeball,False
pokeball,False
pokeball,False
pokeball,False
pokeball,False
pokeball,False
pokeball,False
pokeball,False
pokeball,False
pokeball,False
pokeball,False
pokeball,False
pokeball,False
pokeball,False
pokeball,False
pokeball,False
pokeball,False
pokeball,False
pokeball,False
pokeball,False
pokeball,False
pokeball,False
pokeball,False
pokeball,False
pokeball,False
pokeball,False
pokeball,False
pokeball,False
pokeball,False
pokeball,False
pokeball,False
pokeball,False
pokeball,False
pokeball,False
pokeball,False
pokeball,False
pokeball,False
pokeball,False
pokeball,False
pokeball,False
pokeball,False
pokeball,False
pokeball,False
pokeball,False
pokeball,False
pokeball,False
pokeball,False
pokeball,False
pokeball,False
pokeball,False
pokeball,False
pokeball,False
pokeball,False
pokeball,False
pokeball,False
pokeball,False
pokeball,False
pokeball,False
pokeball,False
pokeball,False
pokeball,False
pokeball,False
pokeball,False
pokeball,False
pokeball,False
pokeball,False
pokeball,False
pokeball,False
pokeball,False
pokeball,False
pokeball,False
pokeball,False
pokeball,False
pokeball,False
pokeball,False
pokeball,False
pokeball,False
pokeball,False
pokeball,False
pokeball,False
pokeball,False
pokeball,False
pokeball,False
pokeball,False
pokeball,False
pokeball,False
pokeball,False
pokeball,True
pokeball,False
pokeball,False
pokeball,False
pokeball,False
pokeball,False
pokeball,False
pokeball,False
pokeball,False
pokeball,False
pokeball,False
pokeball,False
pokeball,False
pokeball,False
pokeball,False
pokeball,False
pokeball,False
pokeball,False
pokeball,False
pokeball,False
pokeball,False
pokeball,False
pokeball,False
pokeball,False
pokeball,False
pokeball,False
pokeball,False
ultraball,False
ultraball,False
ultraball,False
ultraball,False
ultraball,False
ultraball,False
ultraball,False
ultraball,False
ultraball,False
ultraball,False
ultraball,False
ultraball,False
ultraball,False
ultraball,False
ultraball,False
ultraball,False
ultraball,False
ultraball,False
ultraball,False
ultraball,False
ultraball,False
ultraball,False
ultraball,False
ultraball,False
ultraball,False
ultraball,False
ultraball,False
ultraball,False
ultraball,False
ultraball,False
ultraball,False
ultraball,False
ultraball,False
ultraball,False
ultraball,False
ultraball,False
ultraball,False
ultraball,False
ultraball,False
ultraball,False
ultraball,False
ultraball,False
ultraball,False
ultraball,False
ultraball,False
ultraball,False
ultraball,False
ultraball,False
ultraball,False
ultraball,False
ultraball,False
ultraball,False
ultraball,False
ultraball,False
ultraball,False
ultraball,False
ultraball,False
ultraball,False
ultraball,False
ultraball,False
ultraball,False
ultraball,False
ultraball,False
ultraball,False
ultraball,False
ultraball,False
ultraball,False
ultraball,False
ultraball,False
ultraball,False
ultraball,False
ultraball,False
ultraball,False
ultraball,False
ultraball,False
ultraball,False
ultraball,False
ultraball,False
ultraball,False
ultraball,False
ultraball,False
ultraball,False
ultraball,False
ultraball,False
ultraball,False
ultraball,False
ultraball,False
ultraball,False
ultraball,False
ultraball,False
ultraball,False
ultraball,False
ultraball,False
ultraball,False
ultraball,False
ultraball,False
ultraball,False
ultraball,False
ultraball,False
ultraball,False
ultraball,False
ultraball,False
ultraball,False
ultraball,False
ultraball,False
ultraball,False
ultraball,False
ultraball,False
ultraball,False
ultraball,False
ultraball,False
ultraball,False
ultraball,False
ultraball,False
ultraball,False
ultraball,False
ultraball,False
ultraball,False
ultraball,False
ultraball,False
ultraball,False
ultraball,False
ultraball,False
ultraball,False
ultraball,False
ultraball,False
ultraball,False
ultraball,False
ultraball,False
ultraball,False
ultraball,False
ultraball,False
ultraball,False
ultraball,False
ultraball,False
ultraball,False
ultraball,False
ultraball,False
ultraball,False
ultraball,False
ultraball,False
ultraball,False
ultraball,False
ultraball,False
ultraball,False
ultraball,False
ultraball,False
ultraball,False
ultraball,False
ultraball,False
ultraball,False
ultraball,False
ultraball,False
ultraball,False
ultraball,False
ultraball,False
ultraball,False
ultraball,False
ultraball,False
ultraball,False
ultraball,False
ultraball,False
ultraball,False
ultraball,False
ultraball,False
ultraball,False
ultraball,False
ultraball,False
ultraball,False
ultraball,False
ultraball,False
ultraball,False
ultraball,False
ultraball,False
ultraball,False
ultraball,False
ultraball,False
ultraball,False
ultraball,False
ultraball,False
ultraball,False
ultraball,False
ultraball,False
ultraball,False
ultraball,False
ultraball,False
ultraball,False
ultraball,False
ultraball,False
ultraball,False
ultraball,False
ultraball,False
ultraball,False
ultraball,False
ultraball,False
ultraball,False
ultraball,False
ultraball,False
ultraball,False
ultraball,False
ultraball,False
ultraball,False
ultraball,False
ultraball,False
ultraball,False
ultraball,False
ultraball,False
ultraball,False
ultraball,False
ultraball,False
ultraball,False
ultraball,False
ultraball,False
ultraball,False
ultraball,False
ultraball,False
ultraball,False
ultraball,False
ultraball,False
ultraball,False
ultraball,False
ultraball,False
ultraball,False
ultraball,False
ultraball,False
ultraball,False
ultraball,False
ultraball,False
ultraball,False
ultraball,False
ultraball,False
ultraball,False
ultraball,False
ultraball,False
ultraball,False
ultraball,False
ultraball,False
ultraball,False
ultraball,False
ultraball,False
ultraball,False
ultraball,False
ultraball,False
ultraball,False
ultraball,False
ultraball,False
ultraball,False
ultraball,False
ultraball,False
ultraball,False
ultraball,False
ultraball,False
ultraball,False
ultraball,False
ultraball,False
ultraball,False
ultraball,False
ultraball,False
ultraball,False
ultraball,False
ultraball,False
ultraball,False
ultraball,False
ultraball,False
ultraball,False
ultraball,False
ultraball,False
ultraball,False
ultraball,False
ultraball,False
ultraball,False
ultraball,False
ultraball,False
ultraball,False
ultraball,False
ultraball,False
ultraball,True
ultraball,False
ultraball,False
ultraball,False
ultraball,False
ultraball,False
ultraball,False
ultraball,False
ultraball,False
ultraball,False
ultraball,False
ultraball,False
ultraball,False
ultraball,False
ultraball,False
ultraball,False
ultraball,False
ultraball,False
ultraball,False
ultraball,False
ultraball,False
ultraball,True
ultraball,False
ultraball,False
ultraball,False
ultraball,False
ultraball,False
ultraball,False
ultraball,False
ultraball,False
ultraball,False
ultraball,False
ultraball,False
ultraball,False
ultraball,False
ultraball,False
ultraball,False
ultraball,False
ultraball,False
ultraball,False
ultraball,False
ultraball,False
ultraball,False
ultraball,False
ultraball,False
ultraball,False
ultraball,False
ultraball,False
ultraball,False
ultraball,False
ultraball,False
ultraball,False
ultraball,False
ultraball,True
ultraball,False
ultraball,False
ultraball,False
ultraball,False
ultraball,False
ultraball,False
ultraball,False
ultraball,False
ultraball,False
ultraball,False
ultraball,False
ultraball,False
ultraball,False
ultraball,False
ultraball,False
ultraball,False
ultraball,False
ultraball,False
ultraball,False
ultraball,False
ultraball,False
ultraball,False
ultraball,False
ultraball,False
ultraball,False
ultraball,False
ultraball,False
ultraball,False
ultraball,False
ultraball,False
ultraball,False
ultraball,False
ultraball,False
ultraball,False
ultraball,False
ultraball,False
ultraball,False
ultraball,False
ultraball,False
ultraball,False
ultraball,False
ultraball,False
ultraball,False
ultraball,False
ultraball,False
ultraball,False
ultraball,False
ultraball,False
ultraball,False
ultraball,False
ultraball,False
ultraball,False
ultraball,False
ultraball,False
ultraball,False
ultraball,False
ultraball,False
ultraball,False
ultraball,False
ultraball,False
ultraball,False
ultraball,False
ultraball,False
ultraball,False
ultraball,False
ultraball,False
ultraball,False
ultraball,False
ultraball,False
ultraball,False
ultraball,False
ultraball,False
ultraball,False
ultraball,True
ultraball,False
ultraball,False
ultraball,False
ultraball,False
ultraball,False
ultraball,False
ultraball,False
ultraball,False
ultraball,False
ultraball,False
ultraball,False
ultraball,False
ultraball,False
ultraball,False
ultraball,False
ultraball,False
ultraball,False
ultraball,False
ultraball,False
ultraball,False
ultraball,False
ultraball,False
ultraball,False
ultraball,False
ultraball,False
ultraball,False
ultraball,False
ultraball,False
ultraball,False
ultraball,False
ultraball,False
ultraball,False
ultraball,False
ultraball,False
ultraball,False
ultraball,False
ultraball,False
ultraball,False
ultraball,False
ultraball,False
ultraball,False
ultraball,False
ultraball,False
ultraball,False
ultraball,False
ultraball,False
ultraball,False
ultraball,False
ultraball,False
ultraball,False
ultraball,False
ultraball,False
ultraball,False
ultraball,False
ultraball,False
ultraball,False
ultraball,False
ultraball,False
ultraball,False
ultraball,False
ultraball,False
ultraball,False
ultraball,False
ultraball,False
ultraball,False
ultraball,False
ultraball,False
ultraball,False
ultraball,False
ultraball,False
ultraball,False
ultraball,False
ultraball,False
ultraball,False
ultraball,False
ultraball,False
ultraball,False
ultraball,False
ultraball,False
ultraball,False
ultraball,False
ultraball,False
ultraball,False
ultraball,False
ultraball,False
ultraball,False
ultraball,False
ultraball,False
ultraball,False
ultraball,False
ultraball,False
ultraball,False
ultraball,False
ultraball,False
ultraball,False
ultraball,False
ultraball,False
ultraball,False
ultraball,False
ultraball,False
ultraball,False
ultraball,False
ultraball,False
ultraball,False
ultraball,False
ultraball,False
ultraball,False
ultraball,False
ultraball,False
ultraball,False
ultraball,False
ultraball,False
ultraball,False
ultraball,False
ultraball,False
ultraball,False
ultraball,False
ultraball,False
ultraball,False
ultraball,False
ultraball,False
ultraball,False
ultraball,False
ultraball,False
ultraball,False
ultraball,False
ultraball,False
ultraball,False
ultraball,False
ultraball,False
ultraball,False
ultraball,False
ultraball,False
ultraball,False
ultraball,False
ultraball,False
ultraball,False
ultraball,False
ultraball,False
ultraball,False
ultraball,False
ultraball,True
ultraball,False
ultraball,False
ultraball,False
ultraball,False
ultraball,True
ultraball,False
ultraball,False
ultraball,False
ultraball,False
ultraball,False
ultraball,False
ultraball,False
ultraball,False
ultraball,False
ultraball,False
ultraball,False
ultraball,False
ultraball,False
ultraball,False
ultraball,False
ultraball,False
ultraball,False
ultraball,False
ultraball,False
ultraball,False
ultraball,False
ultraball,False
ultraball,False
ultraball,False
ultraball,True
ultraball,False
ultraball,False
ultraball,False
ultraball,False
ultraball,False
ultraball,False
ultraball,False
ultraball,False
ultraball,False
ultraball,False
ultraball,False
ultraball,False
ultraball,False
ultraball,False
ultraball,False
ultraball,False
ultraball,False
ultraball,False
ultraball,False
ultraball,False
ultraball,False
ultraball,False
ultraball,False
ultraball,True
ultraball,True
ultraball,False
ultraball,False
ultraball,False
ultraball,False
ultraball,False
ultraball,False
ultraball,False
ultraball,False
ultraball,False
ultraball,False
ultraball,False
ultraball,False
ultraball,False
ultraball,False
ultraball,False
ultraball,False
ultraball,False
ultraball,False
ultraball,False
ultraball,False
ultraball,False
ultraball,False
ultraball,False
ultraball,False
ultraball,False
ultraball,False
ultraball,False
ultraball,False
ultraball,False
ultraball,False
ultraball,False
ultraball,False
ultraball,False
ultraball,False
ultraball,False
ultraball,False
ultraball,False
ultraball,False
ultraball,False
ultraball,False
ultraball,False
ultraball,False
ultraball,False
ultraball,False
ultraball,False
ultraball,False
ultraball,False
ultraball,False
ultraball,False
ultraball,False
ultraball,False
ultraball,False
ultraball,False
ultraball,False
ultraball,False
ultraball,False
ultraball,False
ultraball,False
ultraball,False
ultraball,False
ultraball,False
ultraball,False
ultraball,False
ultraball,False
ultraball,False
ultraball,False
ultraball,False
ultraball,False
ultraball,False
ultraball,False
ultraball,False
ultraball,False
ultraball,False
ultraball,False
ultraball,False
ultraball,False
ultraball,False
ultraball,False
ultraball,False
ultraball,False
ultraball,False
ultraball,False
ultraball,False
ultraball,False
ultraball,False
ultraball,False
ultraball,False
ultraball,False
ultraball,False
ultraball,False
ultraball,False
ultraball,False
ultraball,False
ultraball,False
ultraball,False
ultraball,False
ultraball,False
ultraball,False
ultraball,False
ultraball,False
ultraball,False
ultraball,False
ultraball,False
ultraball,False
ultraball,False
ultraball,False
ultraball,False
ultraball,False
ultraball,False
ultraball,False
ultraball,False
ultraball,False
ultraball,False
ultraball,False
ultraball,False
ultraball,False
ultraball,False
ultraball,False
ultraball,False
ultraball,False
ultraball,False
ultraball,False
ultraball,False
ultraball,False
ultraball,False
ultraball,False
ultraball,False
ultraball,False
ultraball,False
ultraball,False
ultraball,False
ultraball,False
ultraball,False
ultraball,False
ultraball,False
ultraball,False
ultraball,False
ultraball,False
ultraball,False
ultraball,False
ultraball,False
ultraball,False
ultraball,False
ultraball,False
ultraball,False
ultraball,False
ultraball,False
ultraball,False
ultraball,False
ultraball,False
ultraball,False
ultraball,False
ultraball,False
ultraball,False
ultraball,False
ultraball,False
ultraball,False
ultraball,False
ultraball,False
ultraball,False
ultraball,False
ultraball,False
ultraball,False
ultraball,False
ultraball,False
ultraball,False
ultraball,False
ultraball,False
ultraball,False
ultraball,False
ultraball,False
ultraball,False
ultraball,False
ultraball,False
ultraball,False
ultraball,True
ultraball,False
ultraball,False
ultraball,False
ultraball,False
ultraball,False
ultraball,False
ultraball,False
ultraball,False
ultraball,False
ultraball,False
ultraball,False
ultraball,False
ultraball,False
ultraball,False
ultraball,False
ultraball,False
ultraball,False
ultraball,False
ultraball,False
ultraball,False
ultraball,False
ultraball,False
ultraball,False
ultraball,False
ultraball,False
ultraball,False
ultraball,False
ultraball,False
ultraball,False
ultraball,False
ultraball,False
ultraball,False
ultraball,False
ultraball,False
ultraball,False
ultraball,False
ultraball,False
ultraball,False
ultraball,False
ultraball,False
ultraball,False
ultraball,False
ultraball,False
ultraball,False
ultraball,False
ultraball,False
ultraball,False
ultraball,False
ultraball,False
ultraball,False
ultraball,False
ultraball,False
ultraball,False
ultraball,False
ultraball,False
ultraball,False
ultraball,False
ultraball,False
ultraball,False
ultraball,False
ultraball,False
ultraball,False
ultraball,False
ultraball,False
ultraball,False
ultraball,False
ultraball,False
ultraball,False
ultraball,False
ultraball,False
ultraball,False
ultraball,False
ultraball,False
ultraball,False
ultraball,False
ultraball,False
ultraball,False
ultraball,False
ultraball,False
ultraball,False
ultraball,False
ultraball,False
ultraball,False
ultraball,False
ultraball,False
ultraball,False
ultraball,False
ultraball,False
ultraball,False
ultraball,False
ultraball,False
ultraball,False
ultraball,False
ultraball,False
ultraball,False
ultraball,False
ultraball,False
ultraball,False
ultraball,False
ultraball,False
ultraball,False
ultraball,False
ultraball,False
ultraball,False
ultraball,False
ultraball,False
ultraball,False
ultraball,False
ultraball,False
ultraball,False
ultraball,False
ultraball,False
ultraball,False
ultraball,False
ultraball,False
ultraball,False
ultraball,False
ultraball,False
ultraball,False
ultraball,False
ultraball,False
ultraball,False
ultraball,False
ultraball,False
ultraball,False
ultraball,False
ultraball,False
ultraball,False
ultraball,False
ultraball,False
ultraball,False
ultraball,False
ultraball,False
ultraball,False
ultraball,False
ultraball,False
ultraball,False
ultraball,False
ultraball,False
ultraball,False
ultraball,False
ultraball,False
ultraball,False
ultraball,False
ultraball,False
ultraball,False
ultraball,False
ultraball,False
ultraball,False
ultraball,False
ultraball,False
ultraball,False
ultraball,False
ultraball,False
ultraball,False
ultraball,False
ultraball,False
ultraball,False
ultraball,False
ultraball,False
ultraball,False
ultraball,False
ultraball,False
ultraball,False
ultraball,False
ultraball,False
ultraball,False
ultraball,False
ultraball,False
ultraball,False
ultraball,False
ultraball,False
ultraball,False
ultraball,False
ultraball,False
ultraball,True
ultraball,False
ultraball,False
ultraball,False
ultraball,False
ultraball,False
ultraball,False
ultraball,False
ultraball,False
ultraball,False
ultraball,False
ultraball,False
ultraball,False
ultraball,False
ultraball,False
ultraball,False
ultraball,False
ultraball,False
ultraball,False
ultraball,False
ultraball,False
ultraball,False
ultraball,False
ultraball,False
ultraball,False
ultraball,False
ultraball,False
ultraball,False
ultraball,False
ultraball,False
ultraball,False
ultraball,False
ultraball,False
ultraball,False
ultraball,False
ultraball,False
ultraball,False
ultraball,False
ultraball,False
ultraball,False
ultraball,False
ultraball,False
ultraball,False
ultraball,False
ultraball,False
ultraball,False
ultraball,False
ultraball,False
heavyball,False
heavyball,False
heavyball,False
heavyball,False
heavyball,False
heavyball,False
heavyball,False
heavyball,False
heavyball,False
heavyball,False
heavyball,False
heavyball,False
heavyball,False
heavyball,False
heavyball,False
heavyball,False
heavyball,False
heavyball,False
heavyball,False
heavyball,False
heavyball,False
heavyball,False
heavyball,False
heavyball,False
heavyball,False
heavyball,False
heavyball,False
heavyball,False
heavyball,False
heavyball,False
heavyball,False
heavyball,False
heavyball,False
heavyball,False
heavyball,False
heavyball,False
heavyball,False
heavyball,False
heavyball,False
heavyball,False
heavyball,False
heavyball,False
heavyball,False
heavyball,False
heavyball,False
heavyball,False
heavyball,False
heavyball,False
heavyball,False
heavyball,False
heavyball,False
heavyball,False
heavyball,False
heavyball,False
heavyball,False
heavyball,False
heavyball,False
heavyball,False
heavyball,False
heavyball,False
heavyball,False
heavyball,False
heavyball,False
heavyball,False
heavyball,False
heavyball,False
heavyball,False
heavyball,False
heavyball,False
heavyball,False
heavyball,False
heavyball,False
heavyball,False
heavyball,False
heavyball,False
heavyball,False
heavyball,False
heavyball,False
heavyball,False
heavyball,False
heavyball,False
heavyball,False
heavyball,False
heavyball,False
heavyball,False
heavyball,False
heavyball,False
heavyball,False
heavyball,False
heavyball,False
heavyball,False
heavyball,False
heavyball,False
heavyball,False
heavyball,False
heavyball,False
heavyball,False
heavyball,False
heavyball,False
heavyball,False
heavyball,False
heavyball,False
heavyball,False
heavyball,False
heavyball,False
heavyball,False
heavyball,False
heavyball,False
heavyball,False
heavyball,False
heavyball,False
heavyball,False
heavyball,False
heavyball,False
heavyball,False
heavyball,False
heavyball,False
heavyball,False
heavyball,False
heavyball,False
heavyball,False
heavyball,False
heavyball,False
heavyball,False
heavyball,False
heavyball,False
heavyball,False
heavyball,False
heavyball,False
heavyball,False
heavyball,False
heavyball,False
heavyball,False
heavyball,False
heavyball,False
heavyball,False
heavyball,False
heavyball,False
heavyball,False
heavyball,False
heavyball,False
heavyball,False
heavyball,False
heavyball,False
heavyball,False
heavyball,False
heavyball,False
heavyball,False
heavyball,False
heavyball,False
heavyball,False
heavyball,False
heavyball,False
heavyball,False
heavyball,False
heavyball,False
heavyball,False
heavyball,False
heavyball,False
heavyball,False
heavyball,False
heavyball,False
heavyball,False
heavyball,False
heavyball,False
heavyball,False
heavyball,False
heavyball,False
heavyball,False
heavyball,False
heavyball,False
heavyball,False
heavyball,False
heavyball,False
heavyball,False
heavyball,False
heavyball,False
heavyball,False
heavyball,False
heavyball,False
heavyball,False
heavyball,False
heavyball,False
heavyball,False
heavyball,False
heavyball,False
heavyball,False
heavyball,False
heavyball,False
heavyball,False
heavyball,False
heavyball,False
heavyball,False
heavyball,False
heavyball,False
heavyball,False
heavyball,False
heavyball,False
heavyball,False
heavyball,False
heavyball,False
heavyball,False
heavyball,False
heavyball,False
heavyball,False
heavyball,False
heavyball,False
heavyball,False
heavyball,False
heavyball,False
heavyball,False
heavyball,False
heavyball,False
heavyball,False
heavyball,False
heavyball,False
heavyball,False
heavyball,False
heavyball,False
heavyball,False
heavyball,False
heavyball,False
heavyball,False
heavyball,False
heavyball,False
heavyball,False
heavyball,False
heavyball,False
heavyball,False
heavyball,False
heavyball,False
heavyball,False
heavyball,False
heavyball,False
heavyball,False
heavyball,False
heavyball,False
heavyball,False
heavyball,False
heavyball,False
heavyball,False
heavyball,False
heavyball,False
heavyball,False
heavyball,False
heavyball,False
heavyball,False
heavyball,False
heavyball,False
heavyball,False
heavyball,False
heavyball,False
heavyball,False
heavyball,False
heavyball,False
heavyball,False
heavyball,False
heavyball,False
heavyball,False
heavyball,False
heavyball,False
heavyball,False
heavyball,False
heavyball,False
heavyball,False
heavyball,False
heavyball,False
heavyball,False
heavyball,False
heavyball,False
heavyball,False
heavyball,False
heavyball,False
heavyball,False
heavyball,False
heavyball,False
heavyball,False
heavyball,False
heavyball,False
heavyball,False
heavyball,False
heavyball,False
heavyball,False
heavyball,False
heavyball,False
heavyball,False
heavyball,False
heavyball,False
heavyball,False
heavyball,False
heavyball,False
heavyball,False
heavyball,False
heavyball,False
heavyball,False
heavyball,False
heavyball,False
heavyball,False
heavyball,False
heavyball,False
heavyball,False
heavyball,False
heavyball,False
heavyball,False
heavyball,False
heavyball,False
heavyball,False
heavyball,False
heavyball,False
heavyball,False
heavyball,False
heavyball,False
heavyball,False
heavyball,False
heavyball,False
heavyball,False
heavyball,False
heavyball,False
heavyball,False
heavyball,False
heavyball,False
heavyball,False
heavyball,False
heavyball,False
heavyball,False
heavyball,False
heavyball,False
heavyball,False
heavyball,False
heavyball,False
heavyball,False
heavyball,False
heavyball,False
heavyball,False
heavyball,False
heavyball,False
heavyball,False
heavyball,False
heavyball,False
heavyball,False
heavyball,False
heavyball,False
heavyball,False
heavyball,False
heavyball,False
heavyball,False
heavyball,False
heavyball,False
heavyball,False
heavyball,False
heavyball,False
heavyball,False
heavyball,False
heavyball,False
heavyball,False
heavyball,False
heavyball,False
heavyball,False
heavyball,False
heavyball,False
heavyball,False
heavyball,False
heavyball,False
heavyball,False
heavyball,False
heavyball,False
heavyball,False
heavyball,False
heavyball,False
heavyball,False
heavyball,False
heavyball,False
heavyball,False
heavyball,False
heavyball,False
heavyball,False
heavyball,False
heavyball,False
heavyball,False
heavyball,False
heavyball,False
heavyball,False
heavyball,False
heavyball,False
heavyball,False
heavyball,False
heavyball,False
heavyball,False
heavyball,False
heavyball,False
heavyball,False
heavyball,False
heavyball,False
heavyball,False
heavyball,False
heavyball,False
heavyball,False
heavyball,False
heavyball,False
heavyball,False
heavyball,False
heavyball,False
heavyball,False
heavyball,False
heavyball,False
heavyball,False
heavyball,False
heavyball,False
heavyball,False
heavyball,False
heavyball,False
heavyball,False
heavyball,False
heavyball,False
heavyball,False
heavyball,False
heavyball,False
heavyball,False
heavyball,False
heavyball,False
heavyball,False
heavyball,False
heavyball,False
heavyball,False
heavyball,False
heavyball,False
heavyball,False
heavyball,False
heavyball,False
heavyball,False
heavyball,False
heavyball,False
heavyball,False
heavyball,False
heavyball,False
heavyball,False
heavyball,False
heavyball,False
heavyball,False
heavyball,False
heavyball,False
heavyball,False
heavyball,False
heavyball,False
heavyball,False
heavyball,False
heavyball,False
heavyball,False
heavyball,False
heavyball,False
heavyball,False
heavyball,False
heavyball,False
heavyball,False
heavyball,False
heavyball,False
heavyball,False
heavyball,False
heavyball,False
heavyball,False
heavyball,False
heavyball,False
heavyball,False
heavyball,False
heavyball,False
heavyball,False
heavyball,False
heavyball,False
heavyball,False
heavyball,False
heavyball,False
heavyball,False
heavyball,False
heavyball,False
heavyball,False
heavyball,False
heavyball,False
heavyball,False
heavyball,False
heavyball,False
heavyball,False
heavyball,False
heavyball,False
heavyball,False
heavyball,False
heavyball,False
heavyball,False
heavyball,False
heavyball,False
heavyball,False
heavyball,False
heavyball,False
heavyball,False
heavyball,False
heavyball,False
heavyball,False
heavyball,False
heavyball,False
heavyball,False
heavyball,False
heavyball,False
heavyball,False
heavyball,False
heavyball,False
heavyball,False
heavyball,False
heavyball,False
heavyball,False
heavyball,False
heavyball,False
heavyball,False
heavyball,False
heavyball,False
heavyball,False
heavyball,False
heavyball,False
heavyball,False
heavyball,False
heavyball,False
heavyball,False
heavyball,False
heavyball,False
heavyball,False
heavyball,False
heavyball,False
heavyball,False
heavyball,False
heavyball,False
heavyball,False
heavyball,False
heavyball,False
heavyball,False
heavyball,False
heavyball,False
heavyball,False
heavyball,False
heavyball,False
heavyball,False
heavyball,False
heavyball,False
heavyball,False
heavyball,False
heavyball,False
heavyball,False
heavyball,False
heavyball,False
heavyball,False
heavyball,False
heavyball,False
heavyball,False
heavyball,False
heavyball,False
heavyball,False
heavyball,False
heavyball,False
heavyball,False
heavyball,False
heavyball,False
heavyball,False
heavyball,False
heavyball,False
heavyball,False
heavyball,False
heavyball,False
heavyball,False
heavyball,False
heavyball,False
heavyball,False
heavyball,False
heavyball,False
heavyball,False
heavyball,False
heavyball,False
heavyball,False
heavyball,False
heavyball,False
heavyball,False
heavyball,False
heavyball,False
heavyball,False
heavyball,False
heavyball,False
heavyball,False
heavyball,False
heavyball,False
heavyball,False
heavyball,False
heavyball,False
heavyball,False
heavyball,False
heavyball,False
heavyball,False
heavyball,False
heavyball,False
heavyball,False
heavyball,False
heavyball,False
heavyball,False
heavyball,False
heavyball,False
heavyball,False
heavyball,False
heavyball,False
heavyball,False
heavyball,False
heavyball,False
heavyball,False
heavyball,False
heavyball,False
heavyball,False
heavyball,False
heavyball,False
heavyball,False
heavyball,False
heavyball,False
heavyball,False
heavyball,False
heavyball,False
heavyball,False
heavyball,False
heavyball,False
heavyball,False
heavyball,False
heavyball,False
heavyball,False
heavyball,False
heavyball,False
heavyball,False
heavyball,False
heavyball,False
heavyball,False
heavyball,False
heavyball,False
heavyball,False
heavyball,False
heavyball,False
heavyball,False
heavyball,False
heavyball,False
heavyball,False
heavyball,False
heavyball,False
heavyball,False
heavyball,False
heavyball,False
heavyball,False
heavyball,False
heavyball,False
heavyball,False
heavyball,False
heavyball,False
heavyball,False
heavyball,False
heavyball,False
heavyball,False
heavyball,False
heavyball,False
heavyball,False
heavyball,False
heavyball,False
heavyball,False
heavyball,False
heavyball,False
heavyball,False
heavyball,False
heavyball,False
heavyball,False
heavyball,False
heavyball,False
heavyball,False
heavyball,False
heavyball,False
heavyball,False
heavyball,False
heavyball,False
heavyball,False
heavyball,False
heavyball,False
heavyball,False
heavyball,False
heavyball,False
heavyball,False
heavyball,False
heavyball,False
heavyball,False
heavyball,False
heavyball,False
heavyball,False
heavyball,False
heavyball,False
heavyball,False
heavyball,True
heavyball,False
heavyball,False
heavyball,False
heavyball,False
heavyball,False
heavyball,False
heavyball,False
heavyball,False
heavyball,False
heavyball,False
heavyball,False
heavyball,False
heavyball,False
heavyball,False
heavyball,False
heavyball,False
heavyball,False
heavyball,False
heavyball,False
heavyball,False
heavyball,False
heavyball,False
heavyball,False
heavyball,False
heavyball,False
heavyball,False
heavyball,False
heavyball,False
heavyball,False
heavyball,False
heavyball,False
heavyball,False
heavyball,False
heavyball,False
heavyball,False
heavyball,False
heavyball,False
heavyball,False
heavyball,False
heavyball,False
heavyball,False
heavyball,False
heavyball,False
heavyball,False
heavyball,False
heavyball,False
heavyball,False
heavyball,False
heavyball,False
heavyball,False
heavyball,False
heavyball,False
heavyball,False
heavyball,False
heavyball,False
heavyball,False
heavyball,False
heavyball,False
heavyball,False
heavyball,False
heavyball,False
heavyball,False
heavyball,False
heavyball,False
heavyball,False
heavyball,False
heavyball,False
heavyball,False
heavyball,False
heavyball,False
heavyball,False
heavyball,False
heavyball,False
heavyball,False
heavyball,False
heavyball,False
heavyball,False
heavyball,False
heavyball,False
heavyball,False
heavyball,False
heavyball,False
heavyball,False
heavyball,False
heavyball,False
heavyball,False
heavyball,False
heavyball,False
heavyball,False
heavyball,False
heavyball,False
heavyball,False
heavyball,False
heavyball,False
heavyball,False
heavyball,False
heavyball,False
heavyball,False
heavyball,False
heavyball,False
heavyball,False
heavyball,False
heavyball,False
heavyball,False
heavyball,False
heavyball,False
heavyball,False
heavyball,False
heavyball,False
heavyball,False
heavyball,False
heavyball,False
heavyball,False
heavyball,False
heavyball,False
heavyball,False
heavyball,False
heavyball,False
heavyball,False
heavyball,False
heavyball,False
heavyball,False
heavyball,False
heavyball,False
heavyball,False
heavyball,False
heavyball,False
heavyball,False
heavyball,False
heavyball,False
heavyball,False
heavyball,False
heavyball,False
heavyball,False
heavyball,False
heavyball,False
heavyball,False
heavyball,False
heavyball,False
heavyball,False
heavyball,False
heavyball,False
heavyball,False
heavyball,False
heavyball,False
heavyball,False
heavyball,False
heavyball,False
heavyball,False
heavyball,False
heavyball,False
heavyball,False
heavyball,False
heavyball,False
heavyball,False
heavyball,False
heavyball,False
heavyball,False
heavyball,False
heavyball,False
heavyball,False
heavyball,False
heavyball,False
heavyball,False
heavyball,False
heavyball,False
heavyball,False
heavyball,False
heavyball,False
heavyball,False
heavyball,False
heavyball,False
heavyball,False
heavyball,False
heavyball,False
heavyball,False
heavyball,False
heavyball,False
heavyball,False
heavyball,False
heavyball,False
heavyball,False
heavyball,False
heavyball,False
heavyball,False
heavyball,False
heavyball,False
heavyball,False
heavyball,False
heavyball,False
heavyball,False
heavyball,False
heavyball,False
heavyball,False
heavyball,False
heavyball,False
heavyball,False
heavyball,False
heavyball,False
heavyball,False
heavyball,False
heavyball,False
heavyball,False
heavyball,False
heavyball,False
heavyball,False
heavyball,False
heavyball,False
heavyball,False
heavyball,False
heavyball,False
heavyball,False
heavyball,False
heavyball,False
heavyball,False
heavyball,False
heavyball,False
heavyball,False
heavyball,False
heavyball,False
heavyball,False
heavyball,False
heavyball,False
heavyball,False
heavyball,False
heavyball,False
heavyball,False
heavyball,False
heavyball,False
heavyball,False
heavyball,False
heavyball,False
heavyball,False
heavyball,False
heavyball,False
heavyball,False
heavyball,False
heavyball,False
heavyball,False
heavyball,False
heavyball,False
heavyball,False
heavyball,False
heavyball,False
heavyball,False
heavyball,False
heavyball,False
heavyball,False
heavyball,False
heavyball,False
heavyball,False
heavyball,False
heavyball,False
heavyball,False
heavyball,False
heavyball,False
heavyball,False
heavyball,False
heavyball,False
heavyball,False
heavyball,False
heavyball,False
heavyball,False
heavyball,False
heavyball,False
heavyball,False
heavyball,False
heavyball,False
heavyball,False
heavyball,False
heavyball,False
heavyball,False
heavyball,False
heavyball,False
heavyball,False
heavyball,False
heavyball,False
heavyball,False
heavyball,False
heavyball,False
heavyball,False
heavyball,False
heavyball,False
heavyball,False
heavyball,False
heavyball,False
heavyball,False
heavyball,False
heavyball,False
heavyball,False
heavyball,False
heavyball,False
heavyball,False
heavyball,False
heavyball,False
heavyball,False
heavyball,False
heavyball,False
heavyball,False
heavyball,False
heavyball,False
heavyball,False
heavyball,False
heavyball,False
heavyball,False
heavyball,False
heavyball,False
heavyball,False
fastball,False
fastball,False
fastball,False
fastball,False
fastball,False
fastball,False
fastball,False
fastball,False
fastball,False
fastball,False
fastball,False
fastball,False
fastball,False
fastball,False
fastball,False
fastball,False
fastball,False
fastball,False
fastball,False
fastball,False
fastball,False
fastball,False
fastball,False
fastball,False
fastball,False
fastball,False
fastball,False
fastball,False
fastball,False
fastball,False
fastball,False
fastball,False
fastball,False
fastball,False
fastball,False
fastball,False
fastball,False
fastball,False
fastball,False
fastball,False
fastball,False
fastball,False
fastball,False
fastball,False
fastball,False
fastball,False
fastball,False
fastball,False
fastball,False
fastball,False
fastball,False
fastball,False
fastball,False
fastball,False
fastball,False
fastball,False
fastball,False
fastball,False
fastball,False
fastball,False
fastball,False
fastball,False
fastball,False
fastball,False
fastball,False
fastball,False
fastball,True
fastball,False
fastball,False
fastball,False
fastball,False
fastball,False
fastball,False
fastball,False
fastball,False
fastball,False
fastball,False
fastball,False
fastball,False
fastball,False
fastball,False
fastball,False
fastball,False
fastball,False
fastball,False
fastball,False
fastball,False
fastball,False
fastball,False
fastball,False
fastball,False
fastball,True
fastball,False
fastball,False
fastball,False
fastball,False
fastball,False
fastball,False
fastball,False
fastball,False
fastball,False
fastball,False
fastball,False
fastball,False
fastball,False
fastball,False
fastball,False
fastball,False
fastball,False
fastball,False
fastball,False
fastball,False
fastball,False
fastball,False
fastball,False
fastball,False
fastball,False
fastball,False
fastball,False
fastball,False
fastball,False
fastball,False
fastball,False
fastball,False
fastball,False
fastball,False
fastball,False
fastball,False
fastball,False
fastball,False
fastball,False
fastball,False
fastball,False
fastball,False
fastball,False
fastball,False
fastball,False
fastball,False
fastball,False
fastball,False
fastball,True
fastball,False
fastball,False
fastball,False
fastball,False
fastball,False
fastball,False
fastball,False
fastball,False
fastball,False
fastball,False
fastball,False
fastball,False
fastball,False
fastball,False
fastball,False
fastball,False
fastball,False
fastball,False
fastball,False
fastball,False
fastball,False
fastball,False
fastball,False
fastball,False
fastball,False
fastball,False
fastball,False
fastball,False
fastball,False
fastball,False
fastball,False
fastball,False
fastball,False
fastball,False
fastball,False
fastball,False
fastball,False
fastball,False
fastball,True
fastball,False
fastball,False
fastball,False
fastball,False
fastball,False
fastball,False
fastball,False
fastball,False
fastball,False
fastball,False
fastball,False
fastball,False
fastball,False
fastball,False
fastball,False
fastball,False
fastball,False
fastball,False
fastball,False
fastball,False
fastball,False
fastball,False
fastball,False
fastball,False
fastball,False
fastball,False
fastball,False
fastball,False
fastball,False
fastball,False
fastball,False
fastball,False
fastball,False
fastball,False
fastball,False
fastball,False
fastball,False
fastball,False
fastball,False
fastball,False
fastball,False
fastball,False
fastball,False
fastball,False
fastball,False
fastball,False
fastball,False
fastball,False
fastball,False
fastball,False
fastball,False
fastball,False
fastball,False
fastball,False
fastball,False
fastball,False
fastball,False
fastball,False
fastball,False
fastball,False
fastball,False
fastball,False
fastball,False
fastball,False
fastball,False
fastball,False
fastball,False
fastball,False
fastball,False
fastball,False
fastball,False
fastball,False
fastball,False
fastball,False
fastball,True
fastball,False
fastball,False
fastball,False
fastball,False
fastball,False
fastball,False
fastball,False
fastball,False
fastball,False
fastball,False
fastball,False
fastball,False
fastball,False
fastball,False
fastball,False
fastball,False
fastball,False
fastball,True
fastball,False
fastball,False
fastball,False
fastball,False
fastball,False
fastball,False
fastball,False
fastball,False
fastball,False
fastball,False
fastball,False
fastball,False
fastball,False
fastball,False
fastball,False
fastball,False
fastball,False
fastball,False
fastball,False
fastball,False
fastball,False
fastball,False
fastball,False
fastball,False
fastball,False
fastball,True
fastball,False
fastball,False
fastball,False
fastball,False
fastball,False
fastball,False
fastball,False
fastball,False
fastball,False
fastball,False
fastball,False
fastball,False
fastball,False
fastball,False
fastball,False
fastball,False
fastball,False
fastball,False
fastball,False
fastball,False
fastball,False
fastball,False
fastball,False
fastball,False
fastball,False
fastball,False
fastball,False
fastball,False
fastball,False
fastball,False
fastball,False
fastball,False
fastball,False
fastball,False
fastball,False
fastball,False
fastball,True
fastball,False
fastball,False
fastball,False
fastball,False
fastball,False
fastball,False
fastball,False
fastball,False
fastball,False
fastball,False
fastball,False
fastball,False
fastball,False
fastball,False
fastball,False
fastball,False
fastball,False
fastball,False
fastball,False
fastball,False
fastball,False
fastball,False
fastball,False
fastball,True
fastball,False
fastball,False
fastball,False
fastball,False
fastball,False
fastball,False
fastball,False
fastball,False
fastball,False
fastball,False
fastball,False
fastball,False
fastball,False
fastball,False
fastball,False
fastball,False
fastball,False
fastball,False
fastball,False
fastball,False
fastball,False
fastball,False
fastball,False
fastball,False
fastball,False
fastball,False
fastball,False
fastball,False
fastball,False
fastball,False
fastball,False
fastball,False
fastball,False
fastball,False
fastball,False
fastball,False
fastball,False
fastball,False
fastball,False
fastball,False
fastball,False
fastball,False
fastball,False
fastball,False
fastball,False
fastball,False
fastball,False
fastball,False
fastball,False
fastball,False
fastball,False
fastball,False
fastball,False
fastball,False
fastball,False
fastball,False
fastball,False
fastball,False
fastball,False
fastball,False
fastball,False
fastball,False
fastball,False
fastball,False
fastball,False
fastball,False
fastball,False
fastball,False
fastball,False
fastball,False
fastball,False
fastball,False
fastball,False
fastball,False
fastball,False
fastball,False
fastball,False
fastball,True
fastball,False
fastball,False
fastball,False
fastball,False
fastball,False
fastball,False
fastball,False
fastball,False
fastball,False
fastball,False
fastball,False
fastball,False
fastball,False
fastball,False
fastball,False
fastball,False
fastball,False
fastball,False
fastball,False
fastball,False
fastball,False
fastball,False
fastball,False
fastball,False
fastball,False
fastball,False
fastball,False
fastball,False
fastball,False
fastball,False
fastball,False
fastball,False
fastball,False
fastball,False
fastball,False
fastball,False
fastball,False
fastball,False
fastball,False
fastball,False
fastball,False
fastball,False
fastball,False
fastball,False
fastball,False
fastball,False
fastball,False
fastball,False
fastball,False
fastball,False
fastball,False
fastball,False
fastball,False
fastball,False
fastball,False
fastball,False
fastball,False
fastball,False
fastball,False
fastball,False
fastball,False
fastball,False
fastball,False
fastball,False
fastball,False
fastball,False
fastball,False
fastball,False
fastball,False
fastball,False
fastball,False
fastball,False
fastball,False
fastball,False
fastball,False
fastball,False
fastball,False
fastball,False
fastball,False
fastball,False
fastball,False
fastball,False
fastball,False
fastball,False
fastball,False
fastball,False
fastball,False
fastball,False
fastball,False
fastball,False
fastball,False
fastball,False
fastball,False
fastball,False
fastball,False
fastball,False
fastball,False
fastball,False
fastball,False
fastball,False
fastball,False
fastball,False
fastball,False
fastball,False
fastball,False
fastball,False
fastball,False
fastball,False
fastball,False
fastball,False
fastball,False
fastball,False
fastball,False
fastball,False
fastball,False
fastball,False
fastball,False
fastball,False
fastball,False
fastball,False
fastball,False
fastball,False
fastball,False
fastball,False
fastball,False
fastball,False
fastball,False
fastball,False
fastball,False
fastball,False
fastball,False
fastball,False
fastball,False
fastball,False
fastball,False
fastball,False
fastball,False
fastball,False
fastball,False
fastball,False
fastball,False
fastball,False
fastball,False
fastball,False
fastball,False
fastball,False
fastball,False
fastball,False
fastball,False
fastball,False
fastball,False
fastball,False
fastball,False
fastball,False
fastball,False
fastball,False
fastball,False
fastball,False
fastball,False
fastball,False
fastball,False
fastball,False
fastball,False
fastball,False
fastball,False
fastball,False
fastball,False
fastball,False
fastball,False
fastball,False
fastball,False
fastball,False
fastball,False
fastball,False
fastball,False
fastball,False
fastball,False
fastball,False
fastball,False
fastball,False
fastball,False
fastball,False
fastball,True
fastball,False
fastball,False
fastball,False
fastball,False
fastball,False
fastball,False
fastball,False
fastball,False
fastball,False
fastball,False
fastball,False
fastball,False
fastball,False
fastball,False
fastball,False
fastball,False
fastball,False
fastball,False
fastball,False
fastball,False
fastball,False
fastball,False
fastball,False
fastball,False
fastball,True
fastball,False
fastball,False
fastball,False
fastball,False
fastball,False
fastball,False
fastball,False
fastball,False
fastball,False
fastball,False
fastball,False
fastball,False
fastball,False
fastball,False
fastball,False
fastball,False
fastball,False
fastball,False
fastball,False
fastball,False
fastball,False
fastball,False
fastball,False
fastball,False
fastball,False
fastball,False
fastball,False
fastball,False
fastball,False
fastball,False
fastball,False
fastball,False
fastball,False
fastball,False
fastball,False
fastball,False
fastball,False
fastball,False
fastball,False
fastball,False
fastball,False
fastball,False
fastball,False
fastball,False
fastball,False
fastball,False
fastball,False
fastball,False
fastball,False
fastball,False
fastball,False
fastball,False
fastball,False
fastball,False
fastball,False
fastball,False
fastball,False
fastball,False
fastball,False
fastball,False
fastball,False
fastball,True
fastball,False
fastball,False
fastball,False
fastball,False
fastball,False
fastball,False
fastball,False
fastball,False
fastball,False
fastball,False
fastball,False
fastball,False
fastball,False
fastball,False
fastball,False
fastball,False
fastball,False
fastball,False
fastball,False
fastball,False
fastball,False
fastball,False
fastball,False
fastball,False
fastball,False
fastball,False
fastball,False
fastball,False
fastball,False
fastball,False
fastball,False
fastball,False
fastball,False
fastball,False
fastball,False
fastball,False
fastball,False
fastball,False
fastball,False
fastball,False
fastball,False
fastball,False
fastball,False
fastball,False
fastball,False
fastball,False
fastball,False
fastball,False
fastball,False
fastball,False
fastball,False
fastball,False
fastball,False
fastball,False
fastball,False
fastball,False
fastball,False
fastball,False
fastball,False
fastball,False
fastball,False
fastball,False
fastball,False
fastball,False
fastball,False
fastball,False
fastball,False
fastball,False
fastball,False
fastball,False
fastball,False
fastball,False
fastball,False
fastball,False
fastball,False
fastball,False
fastball,False
fastball,False
fastball,True
fastball,False
fastball,False
fastball,False
fastball,False
fastball,False
fastball,False
fastball,False
fastball,False
fastball,False
fastball,False
fastball,False
fastball,False
fastball,False
fastball,False
fastball,False
fastball,False
fastball,False
fastball,False
fastball,False
fastball,True
fastball,False
fastball,False
fastball,False
fastball,False
fastball,False
fastball,False
fastball,False
fastball,False
fastball,False
fastball,False
fastball,False
fastball,False
fastball,False
fastball,False
fastball,False
fastball,False
fastball,True
fastball,False
fastball,False
fastball,True
fastball,False
fastball,False
fastball,False
fastball,False
fastball,False
fastball,False
fastball,False
fastball,False
fastball,False
fastball,False
fastball,False
fastball,False
fastball,False
fastball,False
fastball,False
fastball,False
fastball,False
fastball,False
fastball,False
fastball,False
fastball,False
fastball,False
fastball,False
fastball,False
fastball,False
fastball,False
fastball,False
fastball,False
fastball,False
fastball,False
fastball,False
fastball,False
fastball,False
fastball,False
fastball,False
fastball,False
fastball,False
fastball,False
fastball,False
fastball,False
fastball,False
fastball,False
fastball,False
fastball,False
fastball,False
fastball,False
fastball,False
fastball,False
fastball,False
fastball,False
fastball,False
fastball,False
fastball,False
fastball,False
fastball,False
fastball,False
fastball,False
fastball,False
fastball,False
fastball,False
fastball,False
fastball,False
fastball,False
fastball,False
fastball,False
fastball,False
fastball,False
fastball,False
fastball,False
fastball,False
fastball,True
fastball,False
fastball,False
fastball,False
fastball,False
fastball,False
fastball,False
fastball,False
fastball,False
fastball,False
fastball,False
fastball,False
fastball,False
fastball,False
fastball,False
fastball,False
fastball,False
fastball,False
fastball,False
fastball,False
fastball,False
fastball,False
fastball,False
fastball,False
fastball,False
fastball,False
fastball,False
fastball,False
fastball,False
fastball,False
fastball,False
fastball,False
fastball,False
fastball,False
fastball,False
fastball,False
fastball,False
fastball,False
fastball,False
fastball,False
fastball,False
fastball,False
fastball,False
fastball,True
fastball,False
fastball,False
fastball,False
fastball,False
fastball,False
fastball,False
fastball,False
fastball,False
fastball,False
fastball,False
fastball,False
fastball,False
fastball,False
fastball,False
fastball,False
fastball,False
fastball,False
fastball,False
fastball,False
fastball,False
fastball,False
fastball,False
fastball,False
fastball,False
fastball,False
fastball,False
fastball,False
fastball,False
fastball,False
fastball,False
fastball,False
fastball,False
fastball,False
fastball,False
fastball,False
fastball,False
fastball,False
fastball,False
fastball,False
fastball,False
fastball,True
fastball,False
fastball,False
fastball,False
fastball,False
fastball,False
fastball,False
fastball,False
fastball,False
fastball,False
fastball,False
fastball,False
fastball,False
fastball,False
fastball,False
fastball,False
fastball,False
fastball,False
fastball,False
